Title,Authors,Year,Method,Key Abuse Types(s),Role of Smart Homes,Mitigation mechanisms,Detection mechanisms,Response  mechanisms
Anticipating smart home security and privacy threats with survivors of intimate partner abuse,Leitão R.,2019,Qualitative+ codesign workshops,Monitoring and tracking; remote control; access misuse; coercive control,Abuse Facilitation+ Mitigation,"Multi-user account design; stronger authentication (e.g., multi-factor, biometrics); transparency and awareness tools; device activity feedback; usable privacy and security controls; built-in spyware detection",Not addressed,Not addressed
Towards a holistic ICT platform for protecting intimate partner violence survivors based on the IoT paradigm,"Rodríguez-Rodríguez I., Rodríguez J.V., Elizondo-Moreno A., Heras-González P., Gentili M.",2020,Review + conceptual design,Monitoring and tracking; remote control; cyber harassment/control,Mitigation + Detection + Support,Integration of home security systems; offender monitoring (GPS tracking); safety applications,Wearable sensor monitoring; GPS tracking; machine learning-based anomaly detection; audio/voice detection; social media monitoring,Emergency alert systems; communication with authorities and trusted contacts; remote assistance (psychological and technical); tele-assistance platforms; evidence collection
Usability analysis of shared device ecosystem security: Informing support for survivors of IoT-facilitated tech-abuse,"Parkin S., Patel T., Lopez-Neira I., Tanczer L.",2020,Usability evaluation,Monitoring and tracking; remote control; access/control misuse,Abuse Facilitation ,Not addressed,Not addressed,Not addressed
The three harms of gendered technology,Wang L.,2020,Conceptual/case study analysis,Remote control; monitoring/surveillance; psychological coercion (technology-mediated),Abuse Facilitation + Mitigation,Regulation of technology design; redefining digital abuse; behavioral guidelines for systems; digital literacy improvement,Not addressed,Not addressed
Are smart home devices abandoning IPV victims?,"Alshehri A., Salem M.B., Ding L.",2020,Analytical framework + technical analysis,Monitoring/surveillance; remote control; access/control misuse; coercive control,Detection + Mitigation + Support+ Abuse Facilitation,Multi-user authentication; equal access design; transparency of capabilities; safety labels; context-aware access control; multi-user setup processes,Context-aware detection; user notifications; continuous authentication; data flow monitoring,Emergency access to support services; reporting mechanisms; evidence logging; safe escape support
Combating domestic abuse inflicted in smart societies,"Mayhew J., Jahankhani H.",2020,Conceptual analysis + framework proposal,Monitoring/surveillance; stalking/location tracking; coercive control; data/privacy exploitation; technology-enabled harassment,Abuse Facilitation + Mitigation + Support,Dual management of smart home devices; design standards for smart home safety (SHADA compliance); legal updates to include digital coercive control; technology design to prevent single-user dominance,Not addressed,Awareness campaigns; training for law enforcement and support staff; guidance for victims; improved ability to recognise and respond to abuse
Threat Modeling Intimate Partner Violence: Tech Abuse as a Cybersecurity Challenge in the Internet of Things,"Slupska J., Tanczer L.M.",2021,Threat modeling + conceptual analysis,Monitoring/surveillance; stalking/location tracking; coercive control; remote device control; access control misuse; gaslighting; data/privacy exploitation; impersonation/account misuse; technology-enabled harassment,Abuse Facilitation + Mitigation + Support,Access control redesign (reducing owner dominance); equal user permissions; consent-based setting changes; multi-factor authentication; login alerts and activity logs; factory reset mechanisms; disabling functionalities; connection reminders; data minimisation; victim-support guidance features in systems,Not addressed,"Guidance features for victims (e.g., dedicated help buttons); actionable advice within systems; support for evidence collection (logs)"
‘I feel like we’re really behind the game’: perspectives of the United Kingdom’s intimate partner violence support sector on the rise of technology-facilitated abuse,"Tanczer L.M., López-Neira I., Parkin S.",2021,Qualitative interviews + thematic analysis,Monitoring/surveillance; harassment (persistent communication); remote/device control; coercive control; impersonation/identity abuse; data access/exposure,Abuse Facilitation + Support,Not addressed,Not addressed,Training for practitioners; need for specialised tech abuse support; external support referrals; centralised support resources and services
Standing in theway of control: A call to action to prevent abuse through beter design of smart technologies,"McKay D., Miller C.",2021,"Conceptual + case-based analysis (literature, media, forums)",Monitoring/surveillance; coercive control; remote device control; access control misuse; environmental control; data/privacy exploitation; technology-enabled harassment; gaslighting (indirect),Abuse Facilitation + Mitigation + Detection,Multi-user system design; equal access for household members; preserving analog control (manual overrides); transparency of data collection and device presence; reducing data leakage; awareness of monitoring capabilities; privacy-sensitive design; safety-by-design principles,Multi-user system design; equal access for household members; preserving analog control (manual overrides); transparency of data collection and device presence; reducing data leakage; awareness of monitoring capabilities; privacy-sensitive design; safety-by-design principles,Not addressed
"As Technology Evolves, so Does Domestic Violence: Modern-Day Tech Abuse and Possible Solutions","Moog E.P., Slakoff D.C.",2021,Conceptual + case-based analysis,Monitoring/surveillance; remote/device control misuse; coercive control; stalking/location tracking; financial control,Abuse Facilitation + Mitigation + Support + Detection,"Multi-user access for shared systems; separate logins for joint accounts; strong authentication (e.g., two-factor authentication); activity logs for device actions; transparency of data collection and access; visibility of location-sharing permissions; ability to revoke access; secure default configurations; abuse-aware design processes (e.g., inclusive safety framework, abuse case identification, stress/abuse testing)","Detection of suspicious financial activity patterns (e.g., unusual transactions, frequent withdrawals); identification of abuse indicators from user behavior; recognition of potential abuse signals in apps (e.g., injury reports, forced pregnancy indicators); detection of stalkerware via security tools; monitoring anomalies triggering safety checks or outreach","Hotlines and trained support staff; proactive outreach (e.g., bank check-in calls); in-app safety messages and resource provision; connection to domestic violence services (e.g., shelters, hotlines); safe intervention prompts; mechanisms for documenting abuse (e.g., logs); user guidance for safety planning"
A systematic review of crime facilitated by the consumer Internet of Things,"Blythe, J.M., Johnson, S.D.",2021,Systematic literature review,Monitoring/surveillance; profiling; remote/device control; physical access control; data exposure,Abuse Facilitation + Mitigation,"Conceptual emphasis on need for security-by-design; recognition of vulnerabilities (e.g., default passwords, lack of encryption, poor updates); discussion of situational crime prevention approaches; recommendation for improved device security, regulation, and user cyber hygiene",Not addressed,Not addressed
Can Prosuming Become Perilous? Exploring Systems of Control and Domestic Abuse in the Smart Homes of the Future,"Sovacool B., Furszyfer-Del Rio D.D., Martiskainen M.",2021,Mixed-methods empirical,Monitoring/surveillance; stalking/location tracking; coercive control; access/control misuse; data/privacy exploitation; parental surveillance/control,Detection + Mitigation + Support+ Abuse Facilitation,"Use of smart systems and apps as preventative tools against domestic violence (e.g., safety apps, smart speakers triggering emergency calls, smart monitoring systems); recommendations for safer design, regulation, and user awareness; embedding victim-centered and feminist design approaches in technology development","Use of smart devices for detecting abuse and providing evidence (e.g., smart speakers recording incidents, smart clothing detecting physical contact, monitoring systems capturing suspicious activity)","Support through safety apps, emergency alert systems, communication tools, and technologies aiding victim recovery and connection with support networks"
HOMECTRL: An Example of Practice-Based Artistic Research as a Methodology in Surveillance Studies,"Wellendorf K., Veel K., Graabæk M.M.D.",2022,Practice-based artistic research,Monitoring/surveillance; remote control; environmental control; coercive control; access persistence; psychological manipulation (including gaslighting); privacy intrusion,Abuse Facilitation + Mitigation ,"Use of speculative artistic scenarios and practice-based research to reveal how IoT technologies enable control and abuse, informing ethical design considerations and awareness of risks in smart home environments",Not addressed,Not addressed
Technology-Facilitated Domestic and Family Violence: Protecting the Privacy and Safety of Victim-Survivors,"Moses L.B., Breckenridge J., Gibson J., Lyons G.",2022,Law \& policy analysis,Surveillance and monitoring; tracking (locational surveillance); account takeover and access misuse; information/privacy breaches; remote control of devices; environmental manipulation; coercive control; harassment and intimidation; persistence of access; data exploitation,Abuse Facilitation + Mitigation + Support + Detection,"Use of safety technologies (e.g., duress alarms, CCTV, cyber safety audits), privacy-aware system design, stronger data protection practices, account separation mechanisms, and policy/legal reforms to reduce risks and prevent abuse","Use of surveillance technologies (e.g., CCTV, monitoring devices), recording tools, and system logs to identify abusive behaviour","Use of surveillance recordings and system logs as evidence to support victims in reporting abuse and obtaining protection (e.g., protection orders)"
Smart Home as a Silent Witness-A Survey,"Köhler E., Spiekermann D.",2022,Survey + interviews,Continuous monitoring/surveillance; data recording and logging; device ubiquity and invisibility; passive data collection; environmental sensing,Abuse Facilitation + Detection + Support,Not addressed,Identification and detection of smart home devices in investigations; recognising IoT devices as sources of digital evidence; improving detection capabilities of first responders through training,"Use of smart home data (logs, recordings, stored events) as digital evidence to support investigations and legal processes after abuse"
Research into Modern-Day Domestic Abuse and Digital Coercive Control: Focus on How a Framework could Assist Stakeholders with Technical Evidence Gathering in Order to Incriminate Abusers,"Smith M., Jahankhani H.",2022,Qualitative study + framework design,Monitoring/surveillance; stalking and location tracking; remote device control; access control misuse; coercive control; data/privacy exploitation; technology-enabled harassment; gaslighting; device-based eavesdropping; persistence of access,Detection + Mitigation + Support+ Abuse Facilitation,"Design and system-level safety features including remote access notifications, shared/admin account structures, device activity alerts, safety warnings, and network-level device discovery notifications to prevent covert abuse","Use of device activity monitoring, network notifications, and investigation frameworks to identify abusive behaviour, including tracking device access, identifying hidden devices, and analysing IoT data across victim and perpetrator devices","Post-abuse support through emergency triggers (e.g., safety words activating recording or alerts), evidence collection and preservation (e.g., permanent logs, recordings), victim support processes (e.g., counselling, device security assistance), and structured law enforcement response frameworks"
The Role of IoT in Woman's Safety: A Systematic Literature Review,"Farooq M.S., Masooma A., Omer U., Tehseen R., Gilani S.A.M., Atal Z.",2023,Systematic literature review (SLR),Stalking/location tracking (indirect); monitoring/surveillance (indirect); data collection; potential misuse of tracking systems,Detection + Mitigation + Support,"Use of IoT-based safety devices and system design features such as automatic alert generation, wearable integration, multi-sensor architectures, and communication technologies (e.g., GPS, GSM) to prevent or reduce harm in dangerous situations","Use of sensors (e.g., pulse-rate, temperature, motion), machine learning algorithms, and data analysis to detect abnormal physiological or behavioural patterns indicating potential danger","Emergency alerting and communication mechanisms, including automatic message transmission, location sharing, and notifying guardians or authorities to enable assistance during or after dangerous situations"
“It’s the Equivalent of Feeling Like You’re in Jail”: Lessons from Firsthand and Secondhand Accounts of IoT-Enabled Intimate Partner Abuse,"Stephenson S., Almansoori M., Emami-Naeini P., Chatterjee R.",2023,Qualitative study (semi-structured interviews),Monitoring/surveillance; remote/device control; access/control misuse; coercive control (incl. psychological abuse) ,Abuse Facilitation+ Detection + Mitigation + Support,"Practical mitigation strategies used by victim-survivors, including device removal, configuration changes (e.g., resetting passwords, revoking access), physical relocation of devices, and seeking legal or external assistance","Manual and experience-based identification of abuse, including recognising suspicious behaviour, inspecting device settings, analysing unusual activity, and physically searching for hidden IoT devices","Support mechanisms involving advocates, law enforcement, victim service providers, and external technical or legal services assisting victims in identifying, responding to, and mitigating IoT abuse"
Abuse Vectors: A Framework for Conceptualizing IoT-Enabled Interpersonal Abuse,"Stephenson S., Almansoori M., Emami-Naeini P., Huang D.Y., Chatterjee R.",2023,Qualitative descriptive study (large-scale web content analysis),Surveillance (audio/video); stalking/location tracking; unauthorized access/control; device manipulation; coercive control; harassment; gaslighting; data access/privacy invasion; environmental control,Abuse Facilitation+ Detection + Mitigation + Support,"Conceptual and design-oriented mitigation strategies derived from the abuse vectors framework, including detection of covert devices, improved access control, revocation mechanisms, and safer device design practices","Identification of IoT-enabled abuse through analysis of device behaviors and abuse patterns, alongside proposed need for detection mechanisms such as hidden device discovery and monitoring of suspicious device activity","Indirect support through structured understanding of abuse and guidance for stakeholders, including researchers, designers, and service providers, to better respond to IoT-enabled interpersonal abuse"
Domestic Violence Detection Using Smart Microphones,"Muraleedharan A., Garcia-Constantino M.",2023,System design + experimental evaluation (deep learning model),Not addressed ,Detection + Mitigation + Support,Early intervention through real-time monitoring and automatic alert generation to reduce escalation of domestic violence situations,"Automated detection of domestic violence using smart microphones and deep learning models to classify audio signals such as screaming, shouting, and crying","Automatic alert and notification mechanisms that inform relatives, friends, or registered contacts to provide assistance during detected domestic violence incidents"
"TECHNOLOGY-FACILITATED ABUSE AND THE INTERNET OF THINGS (IOT): The implication of the smart, internet-connected devices on domestic violence and abuse",Tanczer L.M.,2023,Conceptual analysis (literature-based discussion),Monitoring/surveillance; stalking/location tracking; coercive control; access/control misuse; psychological manipulation; physical/environmental control; data/privacy exploitation,Abuse Facilitation + Mitigation + Support,"Socio-technical mitigation strategies including improved IoT security and usability, stronger authentication and access control, privacy-aware design, risk-informed system design, and regulatory and policy interventions",Not addressed,"Support mechanisms including specialised helplines, technical support services, training for frontline staff, risk assessment integration, safety planning, and improved coordination between support services and law enforcement"
Should we embrace “Big Sister”? Smart speakers as a means to combat intimate partner violence,"Sparrow R., Andrejevic M., Harris B.",2023,Conceptual + ethical analysis,Surveillance (audio); coercive control; emotional/psychological abuse; monitoring of behaviour; gendered control of technology; data/privacy invasion; environmental control (via IoT); risk prediction through behavioral monitoring,Abuse Facilitation+ Detection  + Support,Not addressed,"Use of smart speakers and AI-based audio analysis to detect domestic violence through signals such as screams, shouting, crying, explicit verbal threats, and patterns of emotional or coercive behaviour","Post-detection response mechanisms such as automatically alerting police or emergency services, notifying contacts, providing information about support services, and using recordings or system data as evidence for intervention"
IoT-Facilitated Intimate Partner Abuse,"Rafique S.H., Abdallah A., Shuaib K.",2023,Literature review,surveillance; remote/device control; location tracking; coercive control; access/control misuse,Abuse Facilitation + Mitigation + Detection ,"General IoT security mechanisms such as intrusion detection and prevention systems (IDS/IPS), access control models (e.g., RBAC), encryption, and authentication, primarily aimed at preventing unauthorized external access rather than interpersonal abuse in shared-device contexts","Intrusion detection systems (IDS) used to monitor IoT networks and identify suspicious or malicious activity, focusing on external cyber threats rather than detecting interpersonal abuse behaviours",Not addressed
Understanding the Methodological Value of Mapping Alternative Fiction Scenarios in the Context of Domestic Violence,"Carvalho M.A., Hernández-Ramírez R., Ayanoglu H.",2024,Conceptual / design research,Monitoring/surveillance; remote/device control; environmental control; coercive control; psychological manipulation (gaslighting); privacy/data exploitation; technology misuse (repurposing of everyday devices),Abuse Facilitation + Mitigation ,"Use of speculative design and fictional scenarios to identify potential misuse of smart technologies and inform safer design practices, including transparency, consent mechanisms, and ethical system design",Not addressed,Not addressed
Safeguarding the “Internet of Things” for Victim-Survivors of Domestic and Family Violence: Anticipating Exploitative Use and Encouraging Safety-by-Design,"Brown A., Harkin D., Tanczer L.M.",2025,Empirical study (heuristic walkthrough and abuse analysis),"Monitoring/surveillance; remote access/control; access control misuse (primary vs secondary users); data access and privacy exploitation; covert surveillance; device integration misuse; unauthorized account/device access; credential exploitation (e.g., password-reset abuse); persistent access; coercive control; harassment and intimidation; gaslighting",Abuse Facilitation+ Detection + Mitigation ,"Safety-by-design redesign of IoT systems (transparency, access control, logs, indicators, authentication, integration control)","Access logs, sensor indicators, notifications revealing surveillance and device access",Not addressed
The Leaky Home: Conceptualizing the Remote Control of Smart Technologies in the Domestic Sphere,"Søilen K.L.G., Veel K.",2025,Conceptual / theoretical analysis,Remote access/control; monitoring/surveillance; omnipresent tracking; coercive control; harassment and intimidation; gaslighting; location tracking; data leakage/information flow exploitation; psychological control (perceived surveillance); control through device ownership and account setup; normalization of surveillance (care-control overlap),Abuse Facilitation,Not addressed,Not addressed,Not addressed
Spy-oT: Understanding How Users Learn to Use Internet of Things Devices For Abusive Purposes,"Turk K.I., Hutchings A.",2025,Exploratory experimental study,"Surveillance/monitoring (audio, video, logs); harassment; coercive control; gaslighting (manipulation/tampering); access control abuse (ownership-based control, privilege misuse); restriction of access; infiltration/unauthorized access; information exposure; functionality-enabled misuse (non-technical exploitation of device features)",Abuse Facilitation + Mitigation,"Redesigning access control systems (e.g., avoiding single superuser models, supporting multiple-superuser or alternative privilege structures); removing or limiting invasive features (e.g., disabling drop-in audio/video); improving user awareness via indicators and transparency mechanisms; and designing IoT systems with abuse-aware “safety-by-design” principles.",weak (log monitoring),Weak (awareness via logs only)
,,,,,,,,
,,,,,,,,
,,,,,,,,
,,,,,,,,
,,,,,,,,
,,,,,,,,
,,,,,,,,
,,,,,,,,
,,,,,,,,
,,,,,,,,
,,,,,,,,
,,,,,,,,
,,,,,,,,
,,,,,,,,
,,,,,,,,
,,,,,,,,
,,,,,,,,
,,,,,,,,
,,,,,,,,
,,,,,,,,
,,,,,,,,
,,,,,,,,
,,,,,,,,
,,,,,,,,
,,,,,,,,
,,,,,,,,
,,,,,,,,
,,,,,,,,
,,,,,,,,
,,,,,,,,
,,,,,,,,
,,,,,,,,
,,,,,,,,
,,,,,,,,
,,,,,,,,
,,,,,,,,
,,,,,,,,
,,,,,,,,
,,,,,,,,
,,,,,,,,
,,,,,,,,
,,,,,,,,
,,,,,,,,
,,,,,,,,
,,,,,,,,
,,,,,,,,
,,,,,,,,
,,,,,,,,
,,,,,,,,
,,,,,,,,
,,,,,,,,
,,,,,,,,
,,,,,,,,
,,,,,,,,
,,,,,,,,
,,,,,,,,
,,,,,,,,
,,,,,,,,
,,,,,,,,
,,,,,,,,
,,,,,,,,
,,,,,,,,
,,,,,,,,
,,,,,,,,
,,,,,,,,
,,,,,,,,
,,,,,,,,
,,,,,,,,
,,,,,,,,
,,,,,,,,
,,,,,,,,
,,,,,,,,
,,,,,,,,
,,,,,,,,
,,,,,,,,
,,,,,,,,
,,,,,,,,
,,,,,,,,
,,,,,,,,
,,,,,,,,
,,,,,,,,
,,,,,,,,
,,,,,,,,
,,,,,,,,
,,,,,,,,
,,,,,,,,
,,,,,,,,
,,,,,,,,
,,,,,,,,
,,,,,,,,
,,,,,,,,
,,,,,,,,
,,,,,,,,
,,,,,,,,
,,,,,,,,
,,,,,,,,
,,,,,,,,
,,,,,,,,
,,,,,,,,
,,,,,,,,
,,,,,,,,
,,,,,,,,
,,,,,,,,
,,,,,,,,
,,,,,,,,
,,,,,,,,
,,,,,,,,
,,,,,,,,
,,,,,,,,
,,,,,,,,
,,,,,,,,
,,,,,,,,
,,,,,,,,
,,,,,,,,
,,,,,,,,
,,,,,,,,
,,,,,,,,
,,,,,,,,
,,,,,,,,
,,,,,,,,
,,,,,,,,
,,,,,,,,
,,,,,,,,
,,,,,,,,
,,,,,,,,
,,,,,,,,
,,,,,,,,
,,,,,,,,
,,,,,,,,
,,,,,,,,
,,,,,,,,
,,,,,,,,
,,,,,,,,
,,,,,,,,
,,,,,,,,
,,,,,,,,
,,,,,,,,
,,,,,,,,
,,,,,,,,
,,,,,,,,
,,,,,,,,
,,,,,,,,
,,,,,,,,
,,,,,,,,
,,,,,,,,
,,,,,,,,
,,,,,,,,
,,,,,,,,
,,,,,,,,
,,,,,,,,
,,,,,,,,
,,,,,,,,
,,,,,,,,
,,,,,,,,
,,,,,,,,
,,,,,,,,
,,,,,,,,
,,,,,,,,
,,,,,,,,
,,,,,,,,
,,,,,,,,
,,,,,,,,
,,,,,,,,
,,,,,,,,
,,,,,,,,
,,,,,,,,
,,,,,,,,
,,,,,,,,
,,,,,,,,
,,,,,,,,
,,,,,,,,
,,,,,,,,
,,,,,,,,
,,,,,,,,
,,,,,,,,
,,,,,,,,
,,,,,,,,
,,,,,,,,
,,,,,,,,
,,,,,,,,
,,,,,,,,
,,,,,,,,
,,,,,,,,
,,,,,,,,
,,,,,,,,
,,,,,,,,
,,,,,,,,
,,,,,,,,
,,,,,,,,
,,,,,,,,
,,,,,,,,
,,,,,,,,
,,,,,,,,
,,,,,,,,
,,,,,,,,
,,,,,,,,
,,,,,,,,
,,,,,,,,
,,,,,,,,
,,,,,,,,
,,,,,,,,
,,,,,,,,
,,,,,,,,
,,,,,,,,
,,,,,,,,
,,,,,,,,
,,,,,,,,
,,,,,,,,
,,,,,,,,
,,,,,,,,
,,,,,,,,
,,,,,,,,
,,,,,,,,
,,,,,,,,
,,,,,,,,
,,,,,,,,
,,,,,,,,
,,,,,,,,
,,,,,,,,
,,,,,,,,
,,,,,,,,
,,,,,,,,
,,,,,,,,
,,,,,,,,
,,,,,,,,
,,,,,,,,
,,,,,,,,
,,,,,,,,
,,,,,,,,
,,,,,,,,
,,,,,,,,
,,,,,,,,
,,,,,,,,
,,,,,,,,
,,,,,,,,
,,,,,,,,
,,,,,,,,
,,,,,,,,
,,,,,,,,
,,,,,,,,
,,,,,,,,
,,,,,,,,
,,,,,,,,
,,,,,,,,
,,,,,,,,
,,,,,,,,
,,,,,,,,
,,,,,,,,
,,,,,,,,
,,,,,,,,
,,,,,,,,
,,,,,,,,
,,,,,,,,
,,,,,,,,
,,,,,,,,
,,,,,,,,
,,,,,,,,
,,,,,,,,
,,,,,,,,
,,,,,,,,
,,,,,,,,
,,,,,,,,
,,,,,,,,
,,,,,,,,
,,,,,,,,
,,,,,,,,
,,,,,,,,
,,,,,,,,
,,,,,,,,
,,,,,,,,
,,,,,,,,
,,,,,,,,
,,,,,,,,
,,,,,,,,
,,,,,,,,
,,,,,,,,
,,,,,,,,
,,,,,,,,
,,,,,,,,
,,,,,,,,
,,,,,,,,
,,,,,,,,
,,,,,,,,
,,,,,,,,
,,,,,,,,
,,,,,,,,
,,,,,,,,
,,,,,,,,
,,,,,,,,
,,,,,,,,
,,,,,,,,
,,,,,,,,
,,,,,,,,
,,,,,,,,
,,,,,,,,
,,,,,,,,
,,,,,,,,
,,,,,,,,
,,,,,,,,
,,,,,,,,
,,,,,,,,
,,,,,,,,
,,,,,,,,
,,,,,,,,
,,,,,,,,
,,,,,,,,
,,,,,,,,
,,,,,,,,
,,,,,,,,
,,,,,,,,
,,,,,,,,
,,,,,,,,
,,,,,,,,
,,,,,,,,
,,,,,,,,
,,,,,,,,
,,,,,,,,
,,,,,,,,
,,,,,,,,
,,,,,,,,
,,,,,,,,
,,,,,,,,
,,,,,,,,
,,,,,,,,
,,,,,,,,
,,,,,,,,
,,,,,,,,
,,,,,,,,
,,,,,,,,
,,,,,,,,
,,,,,,,,
,,,,,,,,
,,,,,,,,
,,,,,,,,
,,,,,,,,
,,,,,,,,
,,,,,,,,
,,,,,,,,
,,,,,,,,
,,,,,,,,
,,,,,,,,
,,,,,,,,
,,,,,,,,
,,,,,,,,
,,,,,,,,
,,,,,,,,
,,,,,,,,
,,,,,,,,
,,,,,,,,
,,,,,,,,
,,,,,,,,
,,,,,,,,
,,,,,,,,
,,,,,,,,
,,,,,,,,
,,,,,,,,
,,,,,,,,
,,,,,,,,
,,,,,,,,
,,,,,,,,
,,,,,,,,
,,,,,,,,
,,,,,,,,
,,,,,,,,
,,,,,,,,
,,,,,,,,
,,,,,,,,
,,,,,,,,
,,,,,,,,
,,,,,,,,
,,,,,,,,
,,,,,,,,
,,,,,,,,
,,,,,,,,
,,,,,,,,
,,,,,,,,
,,,,,,,,
,,,,,,,,
,,,,,,,,
,,,,,,,,
,,,,,,,,
,,,,,,,,
,,,,,,,,
,,,,,,,,
,,,,,,,,
,,,,,,,,
,,,,,,,,
,,,,,,,,
,,,,,,,,
,,,,,,,,
,,,,,,,,
,,,,,,,,
,,,,,,,,
,,,,,,,,
,,,,,,,,
,,,,,,,,
,,,,,,,,
,,,,,,,,
,,,,,,,,
,,,,,,,,
,,,,,,,,
,,,,,,,,
,,,,,,,,
,,,,,,,,
,,,,,,,,
,,,,,,,,
,,,,,,,,
,,,,,,,,
,,,,,,,,
,,,,,,,,
,,,,,,,,
,,,,,,,,
,,,,,,,,
,,,,,,,,
,,,,,,,,
,,,,,,,,
,,,,,,,,
,,,,,,,,
,,,,,,,,
,,,,,,,,
,,,,,,,,
,,,,,,,,
,,,,,,,,
,,,,,,,,
,,,,,,,,
,,,,,,,,
,,,,,,,,
,,,,,,,,
,,,,,,,,
,,,,,,,,
,,,,,,,,
,,,,,,,,
,,,,,,,,
,,,,,,,,
,,,,,,,,
,,,,,,,,
,,,,,,,,
,,,,,,,,
,,,,,,,,
,,,,,,,,
,,,,,,,,
,,,,,,,,
,,,,,,,,
,,,,,,,,
,,,,,,,,
,,,,,,,,
,,,,,,,,
,,,,,,,,
,,,,,,,,
,,,,,,,,
,,,,,,,,
,,,,,,,,
,,,,,,,,
,,,,,,,,
,,,,,,,,
,,,,,,,,
,,,,,,,,
,,,,,,,,
,,,,,,,,
,,,,,,,,
,,,,,,,,
,,,,,,,,
,,,,,,,,
,,,,,,,,
,,,,,,,,
,,,,,,,,
,,,,,,,,
,,,,,,,,
,,,,,,,,
,,,,,,,,
,,,,,,,,
,,,,,,,,
,,,,,,,,
,,,,,,,,
,,,,,,,,
,,,,,,,,
,,,,,,,,
,,,,,,,,
,,,,,,,,
,,,,,,,,
,,,,,,,,
,,,,,,,,
,,,,,,,,
,,,,,,,,
,,,,,,,,
,,,,,,,,
,,,,,,,,
,,,,,,,,
,,,,,,,,
,,,,,,,,
,,,,,,,,
,,,,,,,,
,,,,,,,,
,,,,,,,,
,,,,,,,,
,,,,,,,,
,,,,,,,,
,,,,,,,,
,,,,,,,,
,,,,,,,,
,,,,,,,,
,,,,,,,,
,,,,,,,,
,,,,,,,,
,,,,,,,,
,,,,,,,,
,,,,,,,,
,,,,,,,,
,,,,,,,,
,,,,,,,,
,,,,,,,,
,,,,,,,,
,,,,,,,,
,,,,,,,,
,,,,,,,,
,,,,,,,,
,,,,,,,,
,,,,,,,,
,,,,,,,,
,,,,,,,,
,,,,,,,,
,,,,,,,,
,,,,,,,,
,,,,,,,,
,,,,,,,,
,,,,,,,,
,,,,,,,,
,,,,,,,,
,,,,,,,,
,,,,,,,,
,,,,,,,,
,,,,,,,,
,,,,,,,,
,,,,,,,,
,,,,,,,,
,,,,,,,,
,,,,,,,,
,,,,,,,,
,,,,,,,,
,,,,,,,,
,,,,,,,,
,,,,,,,,
,,,,,,,,
,,,,,,,,
,,,,,,,,
,,,,,,,,
,,,,,,,,
,,,,,,,,
,,,,,,,,
,,,,,,,,
,,,,,,,,
,,,,,,,,
,,,,,,,,
,,,,,,,,
,,,,,,,,
,,,,,,,,
,,,,,,,,
,,,,,,,,
,,,,,,,,
,,,,,,,,
,,,,,,,,
,,,,,,,,
,,,,,,,,
,,,,,,,,
,,,,,,,,
,,,,,,,,
,,,,,,,,
,,,,,,,,
,,,,,,,,
,,,,,,,,
,,,,,,,,
,,,,,,,,
,,,,,,,,
,,,,,,,,
,,,,,,,,
,,,,,,,,
,,,,,,,,
,,,,,,,,
,,,,,,,,
,,,,,,,,
,,,,,,,,
,,,,,,,,
,,,,,,,,
,,,,,,,,
,,,,,,,,
,,,,,,,,
,,,,,,,,
,,,,,,,,
,,,,,,,,
,,,,,,,,
,,,,,,,,
,,,,,,,,
,,,,,,,,
,,,,,,,,
,,,,,,,,
,,,,,,,,
,,,,,,,,
,,,,,,,,
,,,,,,,,
,,,,,,,,
,,,,,,,,
,,,,,,,,
,,,,,,,,
,,,,,,,,
,,,,,,,,
,,,,,,,,
,,,,,,,,
,,,,,,,,
,,,,,,,,
,,,,,,,,
,,,,,,,,
,,,,,,,,
,,,,,,,,
,,,,,,,,
,,,,,,,,
,,,,,,,,
,,,,,,,,
,,,,,,,,
,,,,,,,,
,,,,,,,,
,,,,,,,,
,,,,,,,,
,,,,,,,,
,,,,,,,,
,,,,,,,,
,,,,,,,,
,,,,,,,,
,,,,,,,,
,,,,,,,,
,,,,,,,,
,,,,,,,,
,,,,,,,,
,,,,,,,,
,,,,,,,,
,,,,,,,,
,,,,,,,,
,,,,,,,,
,,,,,,,,
,,,,,,,,
,,,,,,,,
,,,,,,,,
,,,,,,,,
,,,,,,,,
,,,,,,,,
,,,,,,,,
,,,,,,,,
,,,,,,,,
,,,,,,,,
,,,,,,,,
,,,,,,,,
,,,,,,,,
,,,,,,,,
,,,,,,,,
,,,,,,,,
,,,,,,,,
,,,,,,,,
,,,,,,,,
,,,,,,,,
,,,,,,,,
,,,,,,,,
,,,,,,,,
,,,,,,,,
,,,,,,,,
,,,,,,,,
,,,,,,,,
,,,,,,,,
,,,,,,,,
,,,,,,,,
,,,,,,,,
,,,,,,,,
,,,,,,,,
,,,,,,,,
,,,,,,,,
,,,,,,,,
,,,,,,,,
,,,,,,,,
,,,,,,,,
,,,,,,,,
,,,,,,,,
,,,,,,,,
,,,,,,,,
,,,,,,,,
,,,,,,,,
,,,,,,,,
,,,,,,,,
,,,,,,,,
,,,,,,,,
,,,,,,,,
,,,,,,,,
,,,,,,,,
,,,,,,,,
,,,,,,,,
,,,,,,,,
,,,,,,,,
,,,,,,,,
,,,,,,,,
,,,,,,,,
,,,,,,,,
,,,,,,,,
,,,,,,,,
,,,,,,,,
,,,,,,,,
,,,,,,,,
,,,,,,,,
,,,,,,,,
,,,,,,,,
,,,,,,,,
,,,,,,,,
,,,,,,,,
,,,,,,,,
,,,,,,,,
,,,,,,,,
,,,,,,,,
,,,,,,,,
,,,,,,,,
,,,,,,,,
,,,,,,,,
,,,,,,,,
,,,,,,,,
,,,,,,,,
,,,,,,,,
,,,,,,,,
,,,,,,,,
,,,,,,,,
,,,,,,,,
,,,,,,,,
,,,,,,,,
,,,,,,,,
,,,,,,,,
,,,,,,,,
,,,,,,,,
,,,,,,,,
,,,,,,,,
,,,,,,,,
,,,,,,,,
,,,,,,,,
,,,,,,,,
,,,,,,,,
,,,,,,,,
,,,,,,,,
,,,,,,,,
,,,,,,,,
,,,,,,,,
,,,,,,,,
,,,,,,,,
,,,,,,,,
,,,,,,,,
,,,,,,,,
,,,,,,,,
,,,,,,,,
,,,,,,,,
,,,,,,,,
,,,,,,,,
,,,,,,,,
,,,,,,,,
,,,,,,,,
,,,,,,,,
,,,,,,,,
,,,,,,,,
,,,,,,,,
,,,,,,,,
,,,,,,,,
,,,,,,,,
,,,,,,,,
,,,,,,,,
,,,,,,,,
,,,,,,,,
,,,,,,,,
,,,,,,,,
,,,,,,,,
,,,,,,,,
,,,,,,,,
,,,,,,,,
,,,,,,,,
,,,,,,,,
,,,,,,,,
,,,,,,,,
,,,,,,,,
,,,,,,,,
,,,,,,,,
,,,,,,,,
,,,,,,,,
,,,,,,,,
,,,,,,,,
,,,,,,,,
,,,,,,,,
,,,,,,,,
,,,,,,,,
,,,,,,,,
,,,,,,,,
,,,,,,,,
,,,,,,,,
,,,,,,,,
,,,,,,,,
,,,,,,,,
,,,,,,,,
,,,,,,,,
,,,,,,,,
,,,,,,,,
,,,,,,,,
,,,,,,,,
,,,,,,,,
,,,,,,,,
,,,,,,,,
,,,,,,,,
,,,,,,,,
,,,,,,,,
,,,,,,,,
,,,,,,,,
,,,,,,,,
,,,,,,,,
,,,,,,,,
,,,,,,,,
,,,,,,,,
,,,,,,,,
,,,,,,,,
,,,,,,,,
,,,,,,,,
,,,,,,,,
,,,,,,,,
,,,,,,,,
,,,,,,,,
,,,,,,,,
,,,,,,,,
,,,,,,,,
,,,,,,,,
,,,,,,,,
,,,,,,,,
,,,,,,,,
,,,,,,,,
,,,,,,,,
,,,,,,,,
,,,,,,,,
,,,,,,,,
,,,,,,,,
,,,,,,,,
,,,,,,,,
,,,,,,,,
,,,,,,,,
,,,,,,,,
,,,,,,,,
,,,,,,,,
,,,,,,,,
,,,,,,,,
,,,,,,,,
,,,,,,,,
,,,,,,,,
,,,,,,,,
,,,,,,,,
,,,,,,,,
,,,,,,,,
,,,,,,,,
,,,,,,,,
,,,,,,,,
,,,,,,,,
,,,,,,,,
,,,,,,,,
,,,,,,,,
,,,,,,,,
,,,,,,,,
,,,,,,,,
,,,,,,,,
,,,,,,,,
,,,,,,,,
,,,,,,,,
,,,,,,,,
,,,,,,,,
,,,,,,,,
,,,,,,,,
,,,,,,,,
,,,,,,,,
,,,,,,,,
,,,,,,,,
,,,,,,,,
,,,,,,,,
,,,,,,,,
,,,,,,,,
,,,,,,,,
,,,,,,,,
,,,,,,,,
,,,,,,,,
,,,,,,,,
,,,,,,,,
,,,,,,,,
,,,,,,,,
,,,,,,,,
,,,,,,,,
,,,,,,,,
,,,,,,,,
,,,,,,,,
,,,,,,,,
,,,,,,,,
,,,,,,,,
,,,,,,,,
,,,,,,,,
,,,,,,,,
,,,,,,,,
,,,,,,,,
,,,,,,,,
,,,,,,,,
,,,,,,,,
,,,,,,,,
,,,,,,,,
,,,,,,,,
,,,,,,,,
,,,,,,,,
,,,,,,,,
,,,,,,,,
,,,,,,,,
,,,,,,,,
,,,,,,,,
,,,,,,,,
,,,,,,,,
,,,,,,,,
,,,,,,,,
,,,,,,,,
,,,,,,,,
,,,,,,,,
,,,,,,,,
,,,,,,,,
,,,,,,,,
,,,,,,,,
,,,,,,,,
,,,,,,,,
,,,,,,,,
,,,,,,,,
,,,,,,,,
,,,,,,,,
,,,,,,,,
,,,,,,,,
,,,,,,,,
,,,,,,,,
,,,,,,,,
,,,,,,,,
,,,,,,,,
,,,,,,,,
,,,,,,,,
,,,,,,,,
,,,,,,,,
,,,,,,,,
,,,,,,,,
,,,,,,,,
,,,,,,,,
,,,,,,,,
,,,,,,,,
,,,,,,,,
,,,,,,,,
,,,,,,,,
,,,,,,,,
,,,,,,,,
,,,,,,,,
,,,,,,,,
,,,,,,,,
,,,,,,,,
,,,,,,,,
,,,,,,,,
,,,,,,,,
,,,,,,,,
,,,,,,,,
,,,,,,,,
,,,,,,,,
,,,,,,,,
,,,,,,,,
,,,,,,,,
,,,,,,,,
,,,,,,,,
,,,,,,,,
,,,,,,,,